train_loss_per_epochs,val_loss_per_epochs,train_acc_per_epochs,val_acc_per_epochs,train_f1_per_epochs,val_f1_per_epochs
2.1270476049259033,2.146211295121799,0.2425,0.231,0.22265419543245124,0.21255044630022252
1.9713501596208451,2.002678271903474,0.2998,0.2836,0.2846562535649702,0.2688544033284931
1.867068566518808,1.9135295227611722,0.3572,0.329,0.34733843027606376,0.31778031341055374
1.7851952347565279,1.848729738742288,0.3835,0.3505,0.3746768613306005,0.34074809305904397
1.7185728538312586,1.7978490829441947,0.413,0.3691,0.407302774964602,0.36312235101320905
